﻿<?xml version="1.0" encoding="utf-8"?>
<deployment>
  <id>d5361b4c-a569-4fdf-902d-9be14ba2e1c2</id>
  <author>N/A</author>
  <deployer>OneDeploy</deployer>
  <authorEmail>N/A</authorEmail>
  <message>OneDeploy</message>
  <progress></progress>
  <status>Success</status>
  <statusText></statusText>
  <lastSuccessEndTime>2025-12-07T02:52:55.6068502Z</lastSuccessEndTime>
  <receivedTime>2025-12-07T02:52:48.1921773Z</receivedTime>
  <startTime>2025-12-07T02:52:49.6574542Z</startTime>
  <endTime>2025-12-07T02:52:55.6068502Z</endTime>
  <complete>True</complete>
  <is_temp>False</is_temp>
  <is_readonly>True</is_readonly>
  <buildSummary />
</deployment>