﻿<?xml version="1.0" encoding="utf-8"?>
<deployment>
  <id>832f5e56-d091-4871-a4ed-4611266038c5</id>
  <author>N/A</author>
  <deployer>Push-Deployer</deployer>
  <authorEmail>N/A</authorEmail>
  <message>Created via a push deployment</message>
  <progress></progress>
  <status>Success</status>
  <statusText></statusText>
  <lastSuccessEndTime>2025-12-07T02:10:37.0195264Z</lastSuccessEndTime>
  <receivedTime>2025-12-07T02:10:27.5436432Z</receivedTime>
  <startTime>2025-12-07T02:10:29.5590687Z</startTime>
  <endTime>2025-12-07T02:10:37.0195264Z</endTime>
  <complete>True</complete>
  <is_temp>False</is_temp>
  <is_readonly>True</is_readonly>
  <buildSummary />
</deployment>