<step title="BackgroundTrace" date="2025-12-07T02:10:22.149" instance="59ed24" url="/api/zipdeploy" method="POST" >
  <step title="Creating temporary deployment - FetchDeploymentManager" date="2025-12-07T02:10:22.439" /><!-- duration: 10ms -->
  <step title="Creating temporary deployment" date="2025-12-07T02:10:22.467" /><!-- duration: 242ms -->
  <step title="Performing fetch based deployment" date="2025-12-07T02:10:22.966" >
    <step title="Cleaning up temp folders from previous zip deployments and extracting pushed zip file /tmp/zipdeploy/5414f3dc-6af1-4111-96df-f2ca7134a143.zip (5.21 MB) to /tmp/zipdeploy/extracted" date="2025-12-07T02:10:24.410" >
      <step title="ChmodRecursive Process exited with total time taken in ms: 131" date="2025-12-07T02:10:25.195" /><!-- duration: 29ms -->
    </step><!-- duration: 843ms -->
    <step title="Deployment timer started" date="2025-12-07T02:10:27.324" >
      <step title="DeploymentManager.Deploy(id:832f5e56-d091-4871-a4ed-4611266038c5)" date="2025-12-07T02:10:27.354" >
        <step title="Collecting changeset information" date="2025-12-07T02:10:27.394" /><!-- duration: 313ms -->
        <step title="Updating submodules" date="2025-12-07T02:10:27.784" /><!-- duration: 1501ms -->
        <step title="Determining deployment builder" date="2025-12-07T02:10:29.673" >
          <step title="Builder is BasicBuilder" date="2025-12-07T02:10:29.725" /><!-- duration: 4ms -->
        </step><!-- duration: 81ms -->
        <step title="PreDeployment: context.CleanOutputPath False" date="2025-12-07T02:10:29.849" >
          <step title="PreDeployment: context.OutputPath /home/site/wwwroot" date="2025-12-07T02:10:30.292" >
            <step title="Building" date="2025-12-07T02:10:30.455" >
              <step title="Executing external process" date="2025-12-07T02:10:30.783" type="process" path="starter.sh" arguments="/opt/Kudu/Scripts/parallel_rsync.sh /tmp/zipdeploy/extracted /home/site/wwwroot 8 /tmp/ False True  " /><!-- duration: 5366ms -->
              <step title="Triggering recycle (preview mode disabled)." date="2025-12-07T02:10:36.546" /><!-- duration: 12ms -->
              <step title="Modified file to trigger a restart of the app container." date="2025-12-07T02:10:36.583" /><!-- duration: 4ms -->
              <step title="Skip function trigger and logicapp sync because function is not enabled." date="2025-12-07T02:10:36.592" /><!-- duration: 8ms -->
            </step><!-- duration: 6874ms -->
          </step><!-- duration: 7051ms -->
          <step title="Cleaning up temp files" date="2025-12-07T02:10:37.348" /><!-- duration: 8ms -->
          <step title="Cleaning up temp files" date="2025-12-07T02:10:37.359" /><!-- duration: 521ms -->
          <step title="Reloading status file with latest updates" date="2025-12-07T02:10:37.930" >
            <step title="WebHooksManager.PublishEventAsync: PostDeployment" date="2025-12-07T02:10:37.934" /><!-- duration: 146ms -->
          </step><!-- duration: 155ms -->
          <step title="Cleaning up temporary deployment - fetch deployment was successful" date="2025-12-07T02:10:38.091" /><!-- duration: 13ms -->
        </step><!-- duration: 8361ms -->
      </step><!-- duration: 10879ms -->
