<step title="Incoming Request" date="2025-12-07T02:10:20.525" instance="59ed24" url="/api/zipdeploy?isAsync=true" method="POST" type="request" pid="831,1,5" Accept="*/*" Host="hds-dev-api.scm.azurewebsites.net" User-Agent="AZURECLI/2.80.0 (MSI)" Accept-Encoding="gzip, deflate" Authorization="Bea..." Cache-Control="no-cache" Content-Type="application/octet-stream" Content-Length="5461722" x-ms-client-request-id="caf9b8a8-d311-11f0-ae1d-6c4b902d6689" x-ms-artifact-checksum="7b947e414e314c3adbbd90e8987c70dd2ede20e7ca4ec3d0264e47e937cb7280" X-ARR-LOG-ID="caf9b8a8-d311-11f0-ae1d-6c4b902d6689" CLIENT-IP="116.68.98.195:23727" X-SITE-DEPLOYMENT-ID="hds-dev-api" WAS-DEFAULT-HOSTNAME="hds-dev-api.scm.azurewebsites.net" X-Forwarded-Proto="https" X-AppService-Proto="https" X-Forwarded-TlsVersion="1.3" X-WAWS-Unencoded-URL="/api/zipdeploy?isAsync=true" X-Client-IP="116.68.98.195" X-Client-Port="23727" >
  <step title="ZipPushDeploy" date="2025-12-07T02:10:21.693" >
    <step title="ZipDeploy. Extract zip." date="2025-12-07T02:10:21.761" /><!-- duration: 21ms -->
    <step title="None repository commit" date="2025-12-07T02:10:21.789" >
      <step title="Commit id: 832f5e56-d091-4871-a4ed-4611266038c5" date="2025-12-07T02:10:21.793" Message="N/A" AuthorName="N/A" AuthorEmail="N/A" /><!-- duration: 11ms -->
    </step><!-- duration: 32ms -->
    <step title="Starting PushDeployAsync" date="2025-12-07T02:10:21.826" /><!-- duration: 10ms -->
    <step title="Writing artifact to /tmp/zipdeploy/5414f3dc-6af1-4111-96df-f2ca7134a143.zip" date="2025-12-07T02:10:21.849" >
      <step title="Writing multipart request body to /tmp/zipdeploy/5414f3dc-6af1-4111-96df-f2ca7134a143.zip" date="2025-12-07T02:10:21.854" /><!-- duration: 4ms -->
    </step><!-- duration: 257ms -->
    <step title="Start deployment in the background" date="2025-12-07T02:10:22.144" >
      <step title="Acquiring Deployment Lock" date="2025-12-07T02:10:22.185" /><!-- duration: 13ms -->
      <step title="Acquired Deployment Lock" date="2025-12-07T02:10:22.348" /><!-- duration: 29ms -->
    </step><!-- duration: 594ms -->
  </step><!-- duration: 1148ms -->
  <step title="Outgoing response" date="2025-12-07T02:10:22.869" type="response" statusCode="202" statusText="Accepted" /><!-- duration: 20ms -->
</step><!-- duration: 2387ms -->
