<step title="Incoming Request" date="2025-12-07T02:52:43.588" instance="59ed24" url="/api/publish?type=zip" method="POST" type="request" pid="831,1,38" Accept="*/*" Host="hds-dev-api.scm.azurewebsites.net" User-Agent="AZURECLI/2.80.0 (MSI)" Accept-Encoding="gzip, deflate" Authorization="Bea..." Cache-Control="no-cache" Content-Type="application/octet-stream" Cookie="ARRAffinity=59ed24a751a8dba3cf959441dad07d639780fe42583f0d1502d1e74f4e3dca08; ARRAffinitySameSite=59ed24a751a8dba3cf959441dad07d639780fe42583f0d1502d1e74f4e3dca08" Content-Length="5472247" x-ms-client-request-id="c5bb04e4-d317-11f0-836d-6c4b902d6689" x-ms-artifact-checksum="0762be6f5dfc2da42c95ce7213ef6de2d7261334c16ec9e71d69022446e6293e" X-ARR-LOG-ID="c5bb04e4-d317-11f0-836d-6c4b902d6689" CLIENT-IP="116.68.98.195:21838" X-SITE-DEPLOYMENT-ID="hds-dev-api" WAS-DEFAULT-HOSTNAME="hds-dev-api.scm.azurewebsites.net" X-Forwarded-Proto="https" X-AppService-Proto="https" X-Forwarded-TlsVersion="1.3" X-WAWS-Unencoded-URL="/api/publish?type=zip" X-Client-IP="116.68.98.195" X-Client-Port="21838" >
  <step title="OneDeploy" date="2025-12-07T02:52:43.703" >
    <step title="Starting PushDeployAsync" date="2025-12-07T02:52:43.785" /><!-- duration: 4ms -->
    <step title="Writing artifact to /tmp/zipdeploy/80490cfc-2075-4784-a42c-8fd1ef849731.zip" date="2025-12-07T02:52:43.809" >
      <step title="Writing multipart request body to /tmp/zipdeploy/80490cfc-2075-4784-a42c-8fd1ef849731.zip" date="2025-12-07T02:52:43.823" /><!-- duration: 21ms -->
    </step><!-- duration: 207ms -->
    <step title="Attempting to fetch target branch HEAD" date="2025-12-07T02:52:44.026" /><!-- duration: 4ms -->
    <step title="Acquiring Deployment Lock" date="2025-12-07T02:52:44.035" /><!-- duration: 5ms -->
    <step title="Acquired Deployment Lock" date="2025-12-07T02:52:44.086" /><!-- duration: 4ms -->
    <step title="Performing fetch based deployment" date="2025-12-07T02:52:44.097" >
      <step title="Creating temporary deployment" date="2025-12-07T02:52:44.102" /><!-- duration: 117ms -->
      <step title="Releasing Deployment Lock" date="2025-12-07T02:52:45.354" /><!-- duration: 6ms -->
      <step title="Cleaning up temp folders from previous zip deployments and extracting pushed zip file /tmp/zipdeploy/80490cfc-2075-4784-a42c-8fd1ef849731.zip (5.22 MB) to /tmp/zipdeploy/extracted" date="2025-12-07T02:52:45.414" >
        <step title="ChmodRecursive Process exited with total time taken in ms: 71" date="2025-12-07T02:52:45.968" /><!-- duration: 4ms -->
      </step><!-- duration: 563ms -->
      <step title="None repository commit" date="2025-12-07T02:52:45.989" >
        <step title="Commit id: d5361b4c-a569-4fdf-902d-9be14ba2e1c2" date="2025-12-07T02:52:45.993" Message="OneDeploy" AuthorName="N/A" AuthorEmail="N/A" /><!-- duration: 3ms -->
      </step><!-- duration: 11ms -->
      <step title="Deployment timer started" date="2025-12-07T02:52:48.022" >
        <step title="DeploymentManager.Deploy(id:d5361b4c-a569-4fdf-902d-9be14ba2e1c2)" date="2025-12-07T02:52:48.051" >
          <step title="Collecting changeset information" date="2025-12-07T02:52:48.122" /><!-- duration: 161ms -->
          <step title="Updating submodules" date="2025-12-07T02:52:48.303" /><!-- duration: 1177ms -->
          <step title="Determining deployment builder" date="2025-12-07T02:52:49.727" >
            <step title="Builder is OneDeployBuilder" date="2025-12-07T02:52:49.755" /><!-- duration: 3ms -->
          </step><!-- duration: 35ms -->
          <step title="PreDeployment: context.CleanOutputPath False" date="2025-12-07T02:52:49.823" >
            <step title="PreDeployment: context.OutputPath /home/site/wwwroot" date="2025-12-07T02:52:49.950" >
              <step title="Building" date="2025-12-07T02:52:50.107" >
                <step title="Executing external process" date="2025-12-07T02:52:50.662" type="process" path="starter.sh" arguments="/opt/Kudu/Scripts/parallel_rsync.sh /tmp/zipdeploy/extracted /home/site/wwwroot 8 /tmp/ False False  " /><!-- duration: 4101ms -->
                <step title="Modified file to trigger a restart of the app container." date="2025-12-07T02:52:55.192" /><!-- duration: 14ms -->
                <step title="Skip function trigger and logicapp sync because function is not enabled." date="2025-12-07T02:52:55.220" /><!-- duration: 3ms -->
              </step><!-- duration: 5947ms -->
            </step><!-- duration: 6115ms -->
            <step title="Cleaning up temp files" date="2025-12-07T02:52:56.068" /><!-- duration: 4ms -->
            <step title="Cleaning up temp files" date="2025-12-07T02:52:56.076" /><!-- duration: 505ms -->
            <step title="Reloading status file with latest updates" date="2025-12-07T02:52:56.626" >
              <step title="WebHooksManager.PublishEventAsync: PostDeployment" date="2025-12-07T02:52:56.637" /><!-- duration: 20ms -->
            </step><!-- duration: 34ms -->
            <step title="Cleaning up temporary deployment - fetch deployment was successful" date="2025-12-07T02:52:56.671" /><!-- duration: 4ms -->
          </step><!-- duration: 6930ms -->
        </step><!-- duration: 8707ms -->
        <step title="Outgoing response" date="2025-12-07T02:52:56.767" type="response" statusCode="200" statusText="OK" /><!-- duration: 3ms -->
      </step><!-- duration: 8752ms -->
